{
	"ABI version": 2,
	"version": "2.3",
	"header": ["pubkey", "time", "expire"],
	"functions": [
		{
			"name": "constructor",
			"inputs": [
				{"name":"profile","type":"address"},
				{"name":"codeProfile","type":"cell"}
			],
			"outputs": [
			]
		},
		{
			"name": "updateCode",
			"inputs": [
				{"name":"newcode","type":"cell"},
				{"name":"cell","type":"cell"}
			],
			"outputs": [
			]
		},
		{
			"name": "destroy",
			"inputs": [
			],
			"outputs": [
			]
		},
		{
			"name": "getVersion",
			"inputs": [
			],
			"outputs": [
				{"name":"value0","type":"string"},
				{"name":"value1","type":"string"}
			]
		},
		{
			"name": "getCreator",
			"inputs": [
			],
			"outputs": [
				{"name":"value0","type":"address"}
			]
		},
		{
			"name": "getData",
			"inputs": [
			],
			"outputs": [
				{"name":"value0","type":"uint256"},
				{"name":"value1","type":"string"},
				{"name":"value2","type":"address"}
			]
		}
	],
	"data": [
		{"key":1,"name":"_name","type":"string"}
	],
	"events": [
	],
	"fields": [
		{"name":"_pubkey","type":"uint256"},
		{"name":"_constructorFlag","type":"bool"},
		{"name":"messages","type":"map(uint32,map(uint256,bool))"},
		{"components":[{"name":"messageHash","type":"uint256"},{"name":"expireAt","type":"uint32"}],"name":"lastMessage","type":"tuple"},
		{"name":"__value","type":"uint256"},
		{"name":"_code","type":"map(uint8,cell)"},
		{"name":"_pubkey","type":"uint256"},
		{"name":"_name","type":"string"},
		{"name":"_versioncontroller","type":"address"},
		{"name":"_profile","type":"address"}
	]
}
