{
	"ABI version": 2,
	"version": "2.3",
	"header": ["pubkey", "time", "expire"],
	"functions": [
		{
			"name": "constructor",
			"inputs": [
				{"name":"pubaddr","type":"address"},
				{"name":"lockerCode","type":"cell"},
				{"name":"tokenWalletCode","type":"cell"},
				{"name":"_platformCodeHash","type":"uint256"},
				{"name":"_platformCodeDepth","type":"uint16"},
				{"name":"_clientCodeHash","type":"uint256"},
				{"name":"_clientCodeDepth","type":"uint16"},
				{"name":"_proposalCodeHash","type":"uint256"},
				{"name":"_proposalCodeDepth","type":"uint16"},
				{"name":"tokenforperson","type":"uint128"},
				{"name":"_tip3Root","type":"address"}
			],
			"outputs": [
			]
		},
		{
			"name": "proposalIsCompleted",
			"inputs": [
				{"name":"proposal","type":"address"}
			],
			"outputs": [
			]
		},
		{
			"name": "onLockerDeployed",
			"inputs": [
			],
			"outputs": [
			]
		},
		{
			"name": "onLockerTokenWalletDeployed",
			"inputs": [
				{"name":"wallet","type":"address"}
			],
			"outputs": [
			]
		},
		{
			"name": "lockVoting",
			"inputs": [
				{"name":"amount","type":"uint128"}
			],
			"outputs": [
			]
		},
		{
			"name": "returnDAOBalance",
			"inputs": [
				{"name":"amount","type":"uint128"}
			],
			"outputs": [
			]
		},
		{
			"name": "acceptUnlock",
			"inputs": [
				{"name":"amount","type":"uint128"}
			],
			"outputs": [
			]
		},
		{
			"name": "unlockVoting",
			"inputs": [
				{"name":"amount","type":"uint128"}
			],
			"outputs": [
			]
		},
		{
			"name": "getPlatfotmId",
			"inputs": [
				{"name":"propId","type":"uint256"},
				{"name":"platformType","type":"uint8"},
				{"name":"_tip3VotingLocker","type":"address"}
			],
			"outputs": [
				{"name":"value0","type":"uint256"}
			]
		},
		{
			"name": "acceptReviewer",
			"inputs": [
				{"name":"propAddress","type":"address"}
			],
			"outputs": [
			]
		},
		{
			"name": "rejectReviewer",
			"inputs": [
				{"name":"propAddress","type":"address"}
			],
			"outputs": [
			]
		},
		{
			"name": "clientAddressForProposal",
			"inputs": [
				{"name":"_tip3VotingLocker","type":"address"},
				{"name":"_platform_id","type":"uint256"}
			],
			"outputs": [
				{"name":"value0","type":"address"}
			]
		},
		{
			"name": "proposalAddressByAccount",
			"inputs": [
				{"name":"acc","type":"address"},
				{"name":"propId","type":"uint256"}
			],
			"outputs": [
				{"name":"value0","type":"address"}
			]
		},
		{
			"name": "killAccount",
			"inputs": [
				{"name":"address_to","type":"address"},
				{"name":"value1","type":"address"}
			],
			"outputs": [
			]
		},
		{
			"name": "returnExtraLockerFunds",
			"inputs": [
			],
			"outputs": [
			]
		},
		{
			"name": "m_pseudoDAOBalance",
			"inputs": [
			],
			"outputs": [
				{"name":"m_pseudoDAOBalance","type":"uint128"}
			]
		},
		{
			"name": "m_pseudoDAOVoteBalance",
			"inputs": [
			],
			"outputs": [
				{"name":"m_pseudoDAOVoteBalance","type":"uint128"}
			]
		},
		{
			"name": "lockerTip3Wallet",
			"inputs": [
			],
			"outputs": [
				{"name":"lockerTip3Wallet","type":"address"}
			]
		},
		{
			"name": "initialized",
			"inputs": [
			],
			"outputs": [
				{"name":"initialized","type":"bool"}
			]
		},
		{
			"name": "tip3VotingLocker",
			"inputs": [
			],
			"outputs": [
				{"name":"tip3VotingLocker","type":"address"}
			]
		},
		{
			"name": "lastVoteResult",
			"inputs": [
			],
			"outputs": [
				{"name":"lastVoteResult","type":"optional(bool)"}
			]
		},
		{
			"name": "_lockedBalance",
			"inputs": [
			],
			"outputs": [
				{"name":"_lockedBalance","type":"uint128"}
			]
		},
		{
			"name": "_totalDoubt",
			"inputs": [
			],
			"outputs": [
				{"name":"_totalDoubt","type":"uint128"}
			]
		}
	],
	"data": [
		{"key":1,"name":"_goshdao","type":"address"},
		{"key":2,"name":"_index","type":"uint128"}
	],
	"events": [
	],
	"fields": [
		{"name":"_pubkey","type":"uint256"},
		{"name":"_constructorFlag","type":"bool"},
		{"name":"messages","type":"map(uint32,map(uint256,bool))"},
		{"components":[{"name":"messageHash","type":"uint256"},{"name":"expireAt","type":"uint32"}],"name":"lastMessage","type":"tuple"},
		{"name":"__value","type":"uint256"},
		{"name":"_pubaddr","type":"address"},
		{"name":"_goshdao","type":"address"},
		{"name":"_index","type":"uint128"},
		{"name":"nonce","type":"uint256"},
		{"name":"m_pseudoDAOBalance","type":"uint128"},
		{"name":"m_pseudoDAOVoteBalance","type":"uint128"},
		{"name":"m_tokenRoot","type":"address"},
		{"name":"m_tokenWalletCode","type":"cell"},
		{"name":"lockerTip3Wallet","type":"address"},
		{"name":"initialized","type":"bool"},
		{"name":"tip3VotingLocker","type":"address"},
		{"name":"lastVoteResult","type":"optional(bool)"},
		{"name":"clientCodeHash","type":"uint256"},
		{"name":"clientCodeDepth","type":"uint16"},
		{"name":"proposalCodeHash","type":"uint256"},
		{"name":"proposalCodeDepth","type":"uint16"},
		{"name":"platformCodeHash","type":"uint256"},
		{"name":"platformCodeDepth","type":"uint16"},
		{"name":"lockerCodeHash","type":"uint256"},
		{"name":"lockerCodeDepth","type":"uint16"},
		{"name":"m_SMVPlatformCode","type":"cell"},
		{"name":"m_SMVProposalCode","type":"cell"},
		{"name":"m_SMVClientCode","type":"cell"},
		{"name":"m_lockerCode","type":"cell"},
		{"name":"_access","type":"optional(uint256)"},
		{"name":"DEFAULT_DAO_BALANCE","type":"uint128"},
		{"name":"DEFAULT_DAO_VOTE_BALANCE","type":"uint128"},
		{"name":"_lockedBalance","type":"uint128"},
		{"name":"_totalDoubt","type":"uint128"}
	]
}
