{
	"ABI version": 2,
	"version": "2.3",
	"header": ["pubkey", "time", "expire"],
	"functions": [
		{
			"name": "constructor",
			"inputs": [
				{"name":"_tokenRootCode","type":"cell"},
				{"name":"_tokenWalletCode","type":"cell"}
			],
			"outputs": [
			]
		},
		{
			"name": "onAcceptTokensTransfer",
			"inputs": [
				{"name":"value0","type":"address"},
				{"name":"value1","type":"uint128"},
				{"name":"value2","type":"address"},
				{"name":"value3","type":"address"},
				{"name":"value4","type":"address"},
				{"name":"value5","type":"cell"}
			],
			"outputs": [
			]
		},
		{
			"name": "createProjectCurrencies",
			"inputs": [
			],
			"outputs": [
			]
		},
		{
			"name": "deployRoot",
			"inputs": [
				{"name":"initialSupplyTo","type":"address"},
				{"name":"initialSupply","type":"uint128"},
				{"name":"deployWalletValue","type":"uint128"},
				{"name":"mintDisabled","type":"bool"},
				{"name":"burnByRootDisabled","type":"bool"},
				{"name":"burnPaused","type":"bool"},
				{"name":"remainingGasTo","type":"address"},
				{"name":"randomNonce","type":"uint256"}
			],
			"outputs": [
				{"name":"value0","type":"address"}
			]
		},
		{
			"name": "callback",
			"inputs": [
				{"name":"res","type":"address"}
			],
			"outputs": [
			]
		},
		{
			"name": "mint",
			"inputs": [
				{"name":"tokenRoot","type":"address"},
				{"name":"amount","type":"uint128"},
				{"name":"recipient","type":"address"},
				{"name":"deployWalletValue","type":"uint128"},
				{"name":"remainingGasTo","type":"address"},
				{"name":"notify","type":"bool"},
				{"name":"payload","type":"cell"}
			],
			"outputs": [
			]
		},
		{
			"name": "projectTokens",
			"inputs": [
			],
			"outputs": [
				{"components":[{"name":"ProjectTokenRoot","type":"address"},{"name":"ReverueTokenRoot","type":"address"},{"name":"RevenueTokenWallet","type":"address"}],"name":"projectTokens","type":"map(address,tuple)"}
			]
		},
		{
			"name": "lastWalletDeployed",
			"inputs": [
			],
			"outputs": [
				{"name":"lastWalletDeployed","type":"address"}
			]
		}
	],
	"data": [
		{"key":1,"name":"nonce","type":"uint256"}
	],
	"events": [
	],
	"fields": [
		{"name":"_pubkey","type":"uint256"},
		{"name":"_timestamp","type":"uint64"},
		{"name":"_constructorFlag","type":"bool"},
		{"name":"nonce","type":"uint256"},
		{"name":"m_tokenRootCode","type":"cell"},
		{"name":"m_tokenWalletCode","type":"cell"},
		{"name":"_rootpubkey","type":"uint256"},
		{"components":[{"name":"ProjectTokenRoot","type":"address"},{"name":"ReverueTokenRoot","type":"address"},{"name":"RevenueTokenWallet","type":"address"}],"name":"projectTokens","type":"map(address,tuple)"},
		{"name":"lastWalletDeployed","type":"address"}
	]
}
